customer_id,first_name,last_name,city,state,signup_date
CUST1000,Emily,Smith,Rock Hill,NC,2025-12-13 00:00:39.494146
CUST1001,David,Harris,Concord,NC,2025-01-26 00:00:39.494191
CUST1002,Chris,Smith,Charlotte,NC,2025-03-14 00:00:39.494195
CUST1003,Sarah,Smith,Rock Hill,NC,2024-07-10 00:00:39.494198
CUST1004,Emily,Harris,Gastonia,NC,2025-12-13 00:00:39.494200
CUST1005,Daniel,Taylor,Concord,NC,2024-04-28 00:00:39.494205
CUST1006,John,Thompson,Charlotte,NC,2025-04-23 00:00:39.494208
CUST1007,Emily,Smith,Huntersville,NC,2024-11-30 00:00:39.494212
CUST1008,Chris,Harris,Rock Hill,NC,2023-11-25 00:00:39.494219
CUST1009,Sarah,Anderson,Concord,NC,2024-05-09 00:00:39.494223
CUST1010,David,Brown,Concord,NC,2025-11-22 00:00:39.494225
CUST1011,Chris,Brown,Gastonia,NC,2025-03-18 00:00:39.494228
CUST1012,Chris,Smith,Gastonia,NC,2024-01-06 00:00:39.494230
CUST1013,John,Taylor,Huntersville,NC,2025-08-19 00:00:39.494232
CUST1014,Michael,Taylor,Huntersville,NC,2024-02-05 00:00:39.494234
CUST1015,Sarah,Anderson,Charlotte,NC,2023-08-22 00:00:39.494240
CUST1016,Maria,Smith,Charlotte,NC,2024-02-15 00:00:39.494242
CUST1017,Chris,Brown,Huntersville,NC,2023-08-19 00:00:39.494245
CUST1018,Michael,Taylor,Huntersville,NC,2023-11-02 00:00:39.494247
CUST1019,Maria,Smith,Rock Hill,NC,2024-05-06 00:00:39.494249
CUST1020,Sarah,Martin,Gastonia,NC,2024-04-12 00:00:39.494251
CUST1021,James,Taylor,Charlotte,NC,2024-07-29 00:00:39.494253
CUST1022,Daniel,Harris,Gastonia,NC,2025-08-21 00:00:39.494255
CUST1023,Michael,Martin,Gastonia,NC,2025-09-01 00:00:39.494257
CUST1024,Jessica,Thompson,Huntersville,NC,2023-10-07 00:00:39.494260
CUST1025,James,Taylor,Rock Hill,NC,2025-06-06 00:00:39.494262
CUST1026,Daniel,Brown,Concord,NC,2024-10-28 00:00:39.494265
CUST1027,John,Johnson,Rock Hill,NC,2025-03-10 00:00:39.494267
CUST1028,Emily,Martin,Rock Hill,NC,2025-02-24 00:00:39.494269
CUST1029,David,Thompson,Gastonia,NC,2023-11-02 00:00:39.494271
CUST1030,Jessica,Anderson,Rock Hill,NC,2024-06-21 00:00:39.494273
CUST1031,John,Anderson,Charlotte,NC,2024-06-23 00:00:39.494275
CUST1032,Sarah,Brown,Gastonia,NC,2025-10-04 00:00:39.494277
CUST1033,John,Taylor,Charlotte,NC,2024-12-04 00:00:39.494280
CUST1034,Emily,Smith,Concord,NC,2025-09-10 00:00:39.494282
CUST1035,Sarah,Taylor,Gastonia,NC,2023-11-05 00:00:39.494284
CUST1036,Jessica,Brown,Concord,NC,2024-03-13 00:00:39.494286
CUST1037,Emily,Anderson,Gastonia,NC,2024-05-21 00:00:39.494288
CUST1038,Maria,Taylor,Huntersville,NC,2024-07-08 00:00:39.494290
CUST1039,David,Anderson,Rock Hill,NC,2025-10-20 00:00:39.494292
CUST1040,Jessica,Martin,Huntersville,NC,2023-08-27 00:00:39.494294
CUST1041,Maria,Thompson,Concord,NC,2025-06-01 00:00:39.494296
CUST1042,Daniel,Smith,Rock Hill,NC,2024-10-08 00:00:39.494299
CUST1043,Jessica,Martin,Gastonia,NC,2024-01-27 00:00:39.494301
CUST1044,Daniel,Anderson,Rock Hill,NC,2024-06-19 00:00:39.494303
CUST1045,Sarah,Anderson,Charlotte,NC,2024-12-22 00:00:39.494304
CUST1046,Maria,Johnson,Rock Hill,NC,2023-11-17 00:00:39.494307
CUST1047,David,Johnson,Charlotte,NC,2025-04-12 00:00:39.494309
CUST1048,Emily,Martin,Rock Hill,NC,2025-10-01 00:00:39.494311
CUST1049,Chris,Harris,Charlotte,NC,2025-01-24 00:00:39.494313
CUST1050,John,Martin,Concord,NC,2025-10-06 00:00:39.494315
CUST1051,James,Johnson,Huntersville,NC,2024-05-06 00:00:39.494317
CUST1052,David,Anderson,Gastonia,NC,2024-09-02 00:00:39.494319
CUST1053,Maria,Brown,Rock Hill,NC,2023-09-05 00:00:39.494321
CUST1054,Chris,Martin,Huntersville,NC,2023-11-21 00:00:39.494323
CUST1055,David,Anderson,Gastonia,NC,2025-09-09 00:00:39.494325
CUST1056,Maria,Brown,Gastonia,NC,2023-11-17 00:00:39.494327
CUST1057,Michael,Brown,Charlotte,NC,2025-09-02 00:00:39.494329
CUST1058,Michael,Johnson,Concord,NC,2025-05-20 00:00:39.494331
CUST1059,Daniel,Martin,Concord,NC,2024-02-22 00:00:39.494333
CUST1060,David,Taylor,Huntersville,NC,2025-06-01 00:00:39.494335
CUST1061,Michael,Smith,Concord,NC,2025-04-11 00:00:39.494338
CUST1062,Maria,Johnson,Rock Hill,NC,2024-09-29 00:00:39.494339
CUST1063,Daniel,Johnson,Concord,NC,2023-12-27 00:00:39.494342
CUST1064,Maria,Taylor,Huntersville,NC,2025-09-24 00:00:39.494344
CUST1065,Daniel,Smith,Concord,NC,2025-09-15 00:00:39.494346
CUST1066,David,Anderson,Rock Hill,NC,2023-08-25 00:00:39.494349
CUST1067,Chris,Harris,Charlotte,NC,2025-07-16 00:00:39.494351
CUST1068,Emily,Martin,Huntersville,NC,2023-11-04 00:00:39.494353
CUST1069,Jessica,Harris,Charlotte,NC,2025-12-15 00:00:39.494355
CUST1070,Chris,Anderson,Charlotte,NC,2023-08-15 00:00:39.494357
CUST1071,Sarah,Thompson,Charlotte,NC,2024-02-11 00:00:39.494359
CUST1072,Maria,Johnson,Gastonia,NC,2025-02-08 00:00:39.494361
CUST1073,Sarah,Smith,Gastonia,NC,2025-10-24 00:00:39.494363
CUST1074,Chris,Johnson,Charlotte,NC,2024-09-21 00:00:39.494365
CUST1075,Daniel,Brown,Huntersville,NC,2025-07-27 00:00:39.494367
CUST1076,Jessica,Johnson,Rock Hill,NC,2024-12-11 00:00:39.494370
CUST1077,Jessica,Johnson,Rock Hill,NC,2025-03-07 00:00:39.494372
CUST1078,James,Anderson,Concord,NC,2023-10-06 00:00:39.494375
CUST1079,Jessica,Anderson,Huntersville,NC,2025-09-20 00:00:39.494376
CUST1080,Emily,Anderson,Gastonia,NC,2025-06-02 00:00:39.494379
CUST1081,Jessica,Harris,Charlotte,NC,2025-06-12 00:00:39.494380
CUST1082,Chris,Brown,Concord,NC,2023-11-20 00:00:39.494383
CUST1083,James,Thompson,Rock Hill,NC,2024-12-06 00:00:39.494385
CUST1084,Chris,Thompson,Gastonia,NC,2024-10-15 00:00:39.494387
CUST1085,Chris,Anderson,Gastonia,NC,2025-12-14 00:00:39.494389
CUST1086,John,Smith,Charlotte,NC,2025-09-07 00:00:39.494390
CUST1087,James,Harris,Rock Hill,NC,2024-07-03 00:00:39.494393
CUST1088,Chris,Taylor,Huntersville,NC,2023-09-05 00:00:39.494395
CUST1089,John,Smith,Gastonia,NC,2025-01-27 00:00:39.494397
CUST1090,John,Martin,Charlotte,NC,2025-03-06 00:00:39.494398
CUST1091,James,Martin,Huntersville,NC,2025-07-23 00:00:39.494401
CUST1092,Sarah,Smith,Rock Hill,NC,2023-10-05 00:00:39.494403
CUST1093,Daniel,Anderson,Gastonia,NC,2025-03-02 00:00:39.494405
CUST1094,Emily,Taylor,Huntersville,NC,2024-07-05 00:00:39.494407
CUST1095,Daniel,Taylor,Huntersville,NC,2024-07-25 00:00:39.494409
CUST1096,Jessica,Harris,Huntersville,NC,2023-10-03 00:00:39.494411
CUST1097,Emily,Taylor,Gastonia,NC,2024-12-01 00:00:39.494413
CUST1098,Jessica,Martin,Gastonia,NC,2025-07-16 00:00:39.494415
CUST1099,Chris,Brown,Concord,NC,2024-01-23 00:00:39.494417
CUST1100,Maria,Anderson,Rock Hill,NC,2025-04-01 00:00:39.494419
CUST1101,James,Taylor,Charlotte,NC,2024-01-22 00:00:39.494421
CUST1102,Emily,Harris,Huntersville,NC,2023-08-21 00:00:39.494423
CUST1103,Emily,Martin,Concord,NC,2023-10-06 00:00:39.494425
CUST1104,Chris,Brown,Charlotte,NC,2024-04-08 00:00:39.494427
CUST1105,Sarah,Johnson,Concord,NC,2025-09-26 00:00:39.494429
CUST1106,John,Johnson,Gastonia,NC,2024-07-02 00:00:39.494431
CUST1107,Chris,Brown,Huntersville,NC,2023-11-29 00:00:39.494433
CUST1108,Michael,Martin,Charlotte,NC,2025-07-26 00:00:39.494435
CUST1109,John,Harris,Charlotte,NC,2025-12-12 00:00:39.494437
CUST1110,James,Brown,Charlotte,NC,2024-02-06 00:00:39.494439
CUST1111,John,Anderson,Charlotte,NC,2023-10-05 00:00:39.494441
CUST1112,Sarah,Anderson,Charlotte,NC,2023-10-24 00:00:39.494443
CUST1113,John,Johnson,Concord,NC,2024-04-01 00:00:39.494445
CUST1114,James,Taylor,Huntersville,NC,2025-10-26 00:00:39.494453
CUST1115,Sarah,Harris,Gastonia,NC,2024-10-01 00:00:39.494456
CUST1116,Daniel,Johnson,Gastonia,NC,2023-10-23 00:00:39.494458
CUST1117,Emily,Taylor,Gastonia,NC,2024-06-22 00:00:39.494460
CUST1118,Emily,Taylor,Gastonia,NC,2024-01-15 00:00:39.494462
CUST1119,Jessica,Thompson,Concord,NC,2025-09-13 00:00:39.494464
CUST1120,Daniel,Anderson,Rock Hill,NC,2024-01-26 00:00:39.494466
CUST1121,Daniel,Martin,Huntersville,NC,2025-04-03 00:00:39.494468
CUST1122,John,Smith,Charlotte,NC,2025-07-19 00:00:39.494470
CUST1123,Emily,Martin,Rock Hill,NC,2024-07-29 00:00:39.494473
CUST1124,James,Smith,Gastonia,NC,2024-02-17 00:00:39.494474
CUST1125,David,Brown,Rock Hill,NC,2025-06-01 00:00:39.494477
CUST1126,David,Anderson,Huntersville,NC,2023-11-01 00:00:39.494479
CUST1127,Sarah,Taylor,Charlotte,NC,2025-06-29 00:00:39.494481
CUST1128,Emily,Harris,Charlotte,NC,2024-02-12 00:00:39.494483
CUST1129,Emily,Smith,Huntersville,NC,2025-01-01 00:00:39.494485
CUST1130,David,Martin,Huntersville,NC,2023-10-14 00:00:39.494487
CUST1131,Emily,Taylor,Gastonia,NC,2025-08-12 00:00:39.494489
CUST1132,John,Smith,Charlotte,NC,2024-08-08 00:00:39.494491
CUST1133,Michael,Smith,Rock Hill,NC,2025-12-12 00:00:39.494493
CUST1134,Maria,Thompson,Concord,NC,2023-11-18 00:00:39.494495
CUST1135,Daniel,Smith,Concord,NC,2023-12-19 00:00:39.494497
CUST1136,Jessica,Harris,Huntersville,NC,2024-05-16 00:00:39.494499
CUST1137,Sarah,Anderson,Gastonia,NC,2025-03-28 00:00:39.494501
CUST1138,Michael,Harris,Concord,NC,2024-05-02 00:00:39.494503
CUST1139,David,Johnson,Charlotte,NC,2025-02-09 00:00:39.494505
CUST1140,Daniel,Taylor,Huntersville,NC,2025-07-29 00:00:39.494507
CUST1141,Emily,Anderson,Rock Hill,NC,2025-11-03 00:00:39.494509
CUST1142,Jessica,Thompson,Huntersville,NC,2023-12-24 00:00:39.494511
CUST1143,Emily,Anderson,Rock Hill,NC,2025-08-10 00:00:39.494513
CUST1144,James,Anderson,Huntersville,NC,2024-10-31 00:00:39.494515
CUST1145,James,Martin,Huntersville,NC,2025-08-13 00:00:39.494517
CUST1146,Jessica,Anderson,Huntersville,NC,2025-05-24 00:00:39.494519
CUST1147,Jessica,Thompson,Rock Hill,NC,2023-10-25 00:00:39.494521
CUST1148,David,Harris,Rock Hill,NC,2025-04-18 00:00:39.494523
CUST1149,Jessica,Anderson,Huntersville,NC,2025-01-09 00:00:39.494526
CUST1150,John,Brown,Concord,NC,2024-09-09 00:00:39.494528
CUST1151,Emily,Taylor,Gastonia,NC,2025-10-07 00:00:39.494530
CUST1152,Michael,Anderson,Gastonia,NC,2024-11-14 00:00:39.494532
CUST1153,Chris,Taylor,Gastonia,NC,2023-09-24 00:00:39.494534
CUST1154,Jessica,Brown,Rock Hill,NC,2023-09-27 00:00:39.494536
CUST1155,Sarah,Brown,Rock Hill,NC,2024-12-14 00:00:39.494538
CUST1156,James,Taylor,Concord,NC,2024-06-27 00:00:39.494540
CUST1157,John,Smith,Gastonia,NC,2024-09-29 00:00:39.494542
CUST1158,Daniel,Johnson,Gastonia,NC,2025-10-23 00:00:39.494544
CUST1159,Chris,Martin,Huntersville,NC,2024-03-13 00:00:39.494546
CUST1160,Michael,Smith,Rock Hill,NC,2025-04-11 00:00:39.494548
CUST1161,Chris,Smith,Gastonia,NC,2024-12-05 00:00:39.494550
CUST1162,Jessica,Harris,Concord,NC,2024-07-10 00:00:39.494552
CUST1163,David,Martin,Concord,NC,2025-12-28 00:00:39.494554
CUST1164,James,Martin,Gastonia,NC,2024-11-23 00:00:39.494556
CUST1165,James,Smith,Rock Hill,NC,2025-12-17 00:00:39.494558
CUST1166,Daniel,Anderson,Concord,NC,2023-10-20 00:00:39.494560
CUST1167,David,Harris,Huntersville,NC,2024-06-16 00:00:39.494562
CUST1168,Emily,Harris,Concord,NC,2025-04-14 00:00:39.494564
CUST1169,Maria,Brown,Charlotte,NC,2023-12-14 00:00:39.494566
CUST1170,John,Thompson,Charlotte,NC,2023-11-07 00:00:39.494568
CUST1171,James,Martin,Rock Hill,NC,2023-10-13 00:00:39.494570
CUST1172,Sarah,Smith,Gastonia,NC,2024-08-21 00:00:39.494572
CUST1173,James,Brown,Rock Hill,NC,2024-06-15 00:00:39.494575
CUST1174,Chris,Taylor,Rock Hill,NC,2023-08-18 00:00:39.494577
CUST1175,James,Johnson,Rock Hill,NC,2024-03-19 00:00:39.494579
CUST1176,James,Thompson,Rock Hill,NC,2025-03-03 00:00:39.494581
CUST1177,Maria,Thompson,Huntersville,NC,2023-09-13 00:00:39.494583
CUST1178,Maria,Thompson,Huntersville,NC,2025-07-09 00:00:39.494585
CUST1179,Michael,Harris,Concord,NC,2023-09-30 00:00:39.494587
CUST1180,Emily,Taylor,Charlotte,NC,2025-06-14 00:00:39.494589
CUST1181,Sarah,Thompson,Rock Hill,NC,2025-11-06 00:00:39.494591
CUST1182,James,Taylor,Concord,NC,2023-09-20 00:00:39.494594
CUST1183,James,Anderson,Charlotte,NC,2025-05-10 00:00:39.494596
CUST1184,John,Thompson,Gastonia,NC,2023-08-26 00:00:39.494598
CUST1185,Maria,Johnson,Huntersville,NC,2023-11-29 00:00:39.494599
CUST1186,Sarah,Taylor,Charlotte,NC,2024-06-08 00:00:39.494602
CUST1187,Daniel,Taylor,Gastonia,NC,2024-06-11 00:00:39.494604
CUST1188,Michael,Johnson,Charlotte,NC,2025-10-08 00:00:39.494606
CUST1189,Emily,Thompson,Huntersville,NC,2024-06-25 00:00:39.494608
CUST1190,David,Johnson,Huntersville,NC,2025-05-03 00:00:39.494611
CUST1191,Emily,Taylor,Concord,NC,2025-12-10 00:00:39.494612
CUST1192,Chris,Johnson,Rock Hill,NC,2025-04-18 00:00:39.494614
CUST1193,James,Taylor,Charlotte,NC,2023-12-19 00:00:39.494616
CUST1194,Michael,Taylor,Charlotte,NC,2025-08-18 00:00:39.494619
CUST1195,Chris,Anderson,Gastonia,NC,2024-09-28 00:00:39.494621
CUST1196,Sarah,Smith,Huntersville,NC,2025-06-30 00:00:39.494623
CUST1197,David,Taylor,Charlotte,NC,2023-11-10 00:00:39.494625
CUST1198,Maria,Thompson,Huntersville,NC,2024-05-02 00:00:39.494627
CUST1199,Michael,Brown,Charlotte,NC,2025-12-24 00:00:39.494632
CUST1200,Michael,Harris,Concord,NC,2025-04-27 00:00:39.494635
CUST1201,James,Martin,Rock Hill,NC,2024-06-01 00:00:39.494639
CUST1202,Jessica,Smith,Charlotte,NC,2024-03-21 00:00:39.494641
CUST1203,Michael,Smith,Huntersville,NC,2025-12-08 00:00:39.494643
CUST1204,John,Smith,Concord,NC,2024-02-10 00:00:39.494645
CUST1205,David,Anderson,Charlotte,NC,2024-07-23 00:00:39.494647
CUST1206,David,Taylor,Gastonia,NC,2023-10-15 00:00:39.494649
CUST1207,John,Anderson,Rock Hill,NC,2025-01-21 00:00:39.494651
CUST1208,Daniel,Taylor,Charlotte,NC,2024-05-23 00:00:39.494653
CUST1209,John,Thompson,Concord,NC,2023-11-06 00:00:39.494655
CUST1210,John,Anderson,Gastonia,NC,2023-10-01 00:00:39.494657
CUST1211,David,Anderson,Concord,NC,2025-04-13 00:00:39.494658
CUST1212,Emily,Harris,Concord,NC,2025-05-31 00:00:39.494661
CUST1213,David,Brown,Gastonia,NC,2024-12-26 00:00:39.494663
CUST1214,Jessica,Anderson,Concord,NC,2025-09-12 00:00:39.494665
CUST1215,James,Harris,Gastonia,NC,2025-07-03 00:00:39.494667
CUST1216,Chris,Johnson,Charlotte,NC,2025-03-01 00:00:39.494668
CUST1217,Emily,Brown,Gastonia,NC,2025-11-09 00:00:39.494671
CUST1218,Maria,Thompson,Gastonia,NC,2023-09-09 00:00:39.494672
CUST1219,Chris,Anderson,Rock Hill,NC,2025-04-03 00:00:39.494674
CUST1220,James,Martin,Gastonia,NC,2025-04-08 00:00:39.494677
CUST1221,Jessica,Smith,Gastonia,NC,2024-07-10 00:00:39.494678
CUST1222,Jessica,Johnson,Charlotte,NC,2024-03-31 00:00:39.494681
CUST1223,Maria,Johnson,Rock Hill,NC,2024-01-04 00:00:39.494683
CUST1224,Emily,Thompson,Huntersville,NC,2024-04-16 00:00:39.494684
CUST1225,Daniel,Harris,Charlotte,NC,2024-08-25 00:00:39.494687
CUST1226,John,Johnson,Charlotte,NC,2024-02-02 00:00:39.494689
CUST1227,Emily,Brown,Huntersville,NC,2024-10-31 00:00:39.494691
CUST1228,Daniel,Anderson,Gastonia,NC,2025-12-08 00:00:39.494693
CUST1229,Jessica,Anderson,Concord,NC,2024-09-11 00:00:39.494695
CUST1230,David,Martin,Rock Hill,NC,2023-10-18 00:00:39.494696
CUST1231,James,Thompson,Concord,NC,2023-12-16 00:00:39.494699
CUST1232,Maria,Smith,Huntersville,NC,2024-10-13 00:00:39.494700
CUST1233,James,Harris,Charlotte,NC,2024-08-16 00:00:39.494703
CUST1234,Sarah,Smith,Charlotte,NC,2025-06-07 00:00:39.494705
CUST1235,Sarah,Johnson,Rock Hill,NC,2023-12-07 00:00:39.494707
CUST1236,Emily,Thompson,Charlotte,NC,2024-07-14 00:00:39.494709
CUST1237,Jessica,Martin,Charlotte,NC,2025-10-23 00:00:39.494711
CUST1238,Jessica,Smith,Rock Hill,NC,2024-01-14 00:00:39.494713
CUST1239,John,Brown,Rock Hill,NC,2024-07-25 00:00:39.494715
CUST1240,John,Anderson,Huntersville,NC,2024-01-28 00:00:39.494717
CUST1241,John,Johnson,Charlotte,NC,2023-11-05 00:00:39.494719
CUST1242,David,Martin,Charlotte,NC,2024-08-07 00:00:39.494721
CUST1243,Chris,Smith,Huntersville,NC,2024-12-29 00:00:39.494723
CUST1244,Michael,Harris,Gastonia,NC,2025-09-08 00:00:39.494725
CUST1245,Chris,Brown,Gastonia,NC,2025-08-26 00:00:39.494727
CUST1246,James,Brown,Gastonia,NC,2024-11-20 00:00:39.494729
CUST1247,Chris,Smith,Huntersville,NC,2025-12-04 00:00:39.494730
CUST1248,David,Anderson,Charlotte,NC,2024-10-31 00:00:39.494733
CUST1249,James,Smith,Huntersville,NC,2024-06-03 00:00:39.494734
CUST1250,Chris,Johnson,Huntersville,NC,2024-02-02 00:00:39.494736
CUST1251,David,Smith,Gastonia,NC,2025-11-16 00:00:39.494738
CUST1252,Michael,Brown,Concord,NC,2024-05-01 00:00:39.494740
CUST1253,Chris,Martin,Charlotte,NC,2025-03-08 00:00:39.494743
CUST1254,David,Smith,Gastonia,NC,2023-11-02 00:00:39.494745
CUST1255,John,Anderson,Concord,NC,2024-08-05 00:00:39.494747
CUST1256,Jessica,Thompson,Concord,NC,2023-11-20 00:00:39.494749
CUST1257,John,Martin,Rock Hill,NC,2025-01-13 00:00:39.494751
CUST1258,Jessica,Harris,Charlotte,NC,2024-09-10 00:00:39.494753
CUST1259,Maria,Taylor,Concord,NC,2023-11-29 00:00:39.494755
CUST1260,Maria,Smith,Gastonia,NC,2025-05-20 00:00:39.494757
CUST1261,Maria,Anderson,Rock Hill,NC,2025-04-29 00:00:39.494759
CUST1262,Michael,Martin,Charlotte,NC,2024-04-27 00:00:39.494761
CUST1263,John,Anderson,Huntersville,NC,2024-06-09 00:00:39.494763
CUST1264,Jessica,Harris,Gastonia,NC,2024-12-10 00:00:39.494765
CUST1265,David,Brown,Concord,NC,2024-08-06 00:00:39.494768
CUST1266,James,Anderson,Concord,NC,2025-04-25 00:00:39.494770
CUST1267,David,Martin,Gastonia,NC,2025-07-04 00:00:39.494772
CUST1268,James,Anderson,Concord,NC,2025-02-13 00:00:39.494774
CUST1269,Sarah,Anderson,Rock Hill,NC,2024-09-12 00:00:39.494777
CUST1270,David,Anderson,Charlotte,NC,2025-05-19 00:00:39.494779
CUST1271,Chris,Johnson,Rock Hill,NC,2025-09-01 00:00:39.494781
CUST1272,Chris,Johnson,Concord,NC,2024-06-07 00:00:39.494783
CUST1273,Emily,Brown,Huntersville,NC,2024-02-21 00:00:39.494785
CUST1274,John,Smith,Charlotte,NC,2025-08-26 00:00:39.494787
CUST1275,James,Anderson,Charlotte,NC,2023-12-26 00:00:39.494789
CUST1276,James,Harris,Gastonia,NC,2023-10-23 00:00:39.494791
CUST1277,John,Smith,Gastonia,NC,2025-09-05 00:00:39.494793
CUST1278,Michael,Harris,Huntersville,NC,2025-01-11 00:00:39.494795
CUST1279,Emily,Smith,Charlotte,NC,2024-08-14 00:00:39.494797
CUST1280,Michael,Brown,Huntersville,NC,2025-11-23 00:00:39.494799
CUST1281,Michael,Anderson,Gastonia,NC,2025-08-25 00:00:39.494801
CUST1282,Michael,Anderson,Gastonia,NC,2023-12-07 00:00:39.494803
CUST1283,John,Taylor,Charlotte,NC,2025-11-23 00:00:39.494805
CUST1284,Michael,Harris,Rock Hill,NC,2024-04-10 00:00:39.494807
CUST1285,Chris,Smith,Concord,NC,2024-08-17 00:00:39.494809
CUST1286,Maria,Smith,Gastonia,NC,2024-10-12 00:00:39.494811
CUST1287,Sarah,Thompson,Gastonia,NC,2023-09-19 00:00:39.494813
CUST1288,James,Thompson,Rock Hill,NC,2024-07-28 00:00:39.494815
CUST1289,James,Johnson,Rock Hill,NC,2024-12-07 00:00:39.494817
CUST1290,Sarah,Taylor,Huntersville,NC,2024-10-24 00:00:39.494819
CUST1291,John,Martin,Huntersville,NC,2025-08-22 00:00:39.494821
CUST1292,David,Thompson,Concord,NC,2025-04-23 00:00:39.494823
CUST1293,John,Martin,Concord,NC,2024-11-23 00:00:39.494825
CUST1294,James,Johnson,Charlotte,NC,2024-10-03 00:00:39.494827
CUST1295,James,Johnson,Huntersville,NC,2024-05-20 00:00:39.494829
CUST1296,Sarah,Johnson,Gastonia,NC,2024-02-12 00:00:39.494831
CUST1297,Michael,Harris,Huntersville,NC,2024-02-20 00:00:39.494833
CUST1298,John,Harris,Gastonia,NC,2025-05-31 00:00:39.494835
CUST1299,Jessica,Brown,Rock Hill,NC,2023-10-14 00:00:39.494837
CUST1300,Sarah,Brown,Huntersville,NC,2025-06-20 00:00:39.494839
CUST1301,Chris,Johnson,Rock Hill,NC,2024-03-11 00:00:39.494841
CUST1302,James,Taylor,Concord,NC,2025-07-25 00:00:39.494843
CUST1303,Sarah,Smith,Concord,NC,2024-09-08 00:00:39.494845
CUST1304,John,Harris,Charlotte,NC,2025-01-25 00:00:39.494847
CUST1305,James,Taylor,Huntersville,NC,2024-02-06 00:00:39.494849
CUST1306,David,Anderson,Rock Hill,NC,2025-02-13 00:00:39.494851
CUST1307,Sarah,Harris,Gastonia,NC,2023-09-23 00:00:39.494859
CUST1308,Emily,Harris,Concord,NC,2024-09-26 00:00:39.494863
CUST1309,James,Brown,Concord,NC,2025-08-05 00:00:39.494868
CUST1310,John,Smith,Gastonia,NC,2024-10-18 00:00:39.494871
CUST1311,Maria,Smith,Rock Hill,NC,2025-06-29 00:00:39.494874
CUST1312,Jessica,Thompson,Rock Hill,NC,2024-01-19 00:00:39.494878
CUST1313,Daniel,Martin,Huntersville,NC,2025-01-04 00:00:39.494881
CUST1314,Michael,Martin,Huntersville,NC,2024-12-04 00:00:39.494884
CUST1315,Daniel,Martin,Charlotte,NC,2025-10-18 00:00:39.494888
CUST1316,John,Martin,Concord,NC,2024-04-27 00:00:39.494891
CUST1317,Chris,Anderson,Huntersville,NC,2024-04-30 00:00:39.494895
CUST1318,Chris,Anderson,Rock Hill,NC,2024-06-21 00:00:39.494898
CUST1319,Maria,Harris,Gastonia,NC,2025-08-24 00:00:39.494902
CUST1320,Michael,Johnson,Rock Hill,NC,2025-03-16 00:00:39.494905
CUST1321,Emily,Brown,Concord,NC,2024-02-10 00:00:39.494907
CUST1322,Maria,Brown,Rock Hill,NC,2023-09-18 00:00:39.494910
CUST1323,Daniel,Martin,Charlotte,NC,2025-10-25 00:00:39.494911
CUST1324,Maria,Harris,Concord,NC,2025-01-09 00:00:39.494914
CUST1325,Daniel,Thompson,Gastonia,NC,2024-12-31 00:00:39.494915
CUST1326,James,Taylor,Charlotte,NC,2024-08-27 00:00:39.494918
CUST1327,Chris,Johnson,Concord,NC,2024-09-25 00:00:39.494920
CUST1328,James,Harris,Gastonia,NC,2024-05-15 00:00:39.494922
CUST1329,Jessica,Johnson,Charlotte,NC,2024-06-01 00:00:39.494924
CUST1330,Michael,Johnson,Charlotte,NC,2024-05-31 00:00:39.494925
CUST1331,Emily,Johnson,Concord,NC,2024-08-27 00:00:39.494928
CUST1332,Daniel,Harris,Huntersville,NC,2023-10-13 00:00:39.494930
CUST1333,Emily,Martin,Charlotte,NC,2025-05-13 00:00:39.494932
CUST1334,Daniel,Brown,Charlotte,NC,2024-09-27 00:00:39.494934
CUST1335,John,Brown,Gastonia,NC,2023-12-26 00:00:39.494936
CUST1336,Maria,Martin,Rock Hill,NC,2023-09-02 00:00:39.494938
CUST1337,Jessica,Johnson,Concord,NC,2024-01-29 00:00:39.494940
CUST1338,Chris,Taylor,Concord,NC,2024-09-07 00:00:39.494942
CUST1339,Daniel,Smith,Huntersville,NC,2025-12-11 00:00:39.494945
CUST1340,Emily,Harris,Huntersville,NC,2025-06-14 00:00:39.494946
CUST1341,Jessica,Smith,Concord,NC,2025-03-28 00:00:39.494948
CUST1342,David,Thompson,Huntersville,NC,2023-11-12 00:00:39.494950
CUST1343,David,Martin,Gastonia,NC,2023-09-30 00:00:39.494952
CUST1344,James,Taylor,Concord,NC,2024-04-01 00:00:39.494955
CUST1345,Chris,Harris,Huntersville,NC,2025-12-26 00:00:39.494956
CUST1346,John,Martin,Concord,NC,2025-08-09 00:00:39.494959
CUST1347,Emily,Johnson,Rock Hill,NC,2025-10-18 00:00:39.494961
CUST1348,Maria,Brown,Charlotte,NC,2024-06-06 00:00:39.494963
CUST1349,Maria,Smith,Concord,NC,2025-08-15 00:00:39.494965
CUST1350,Emily,Anderson,Charlotte,NC,2025-10-14 00:00:39.494967
CUST1351,Michael,Anderson,Huntersville,NC,2024-03-25 00:00:39.494969
CUST1352,John,Taylor,Charlotte,NC,2023-09-28 00:00:39.494971
CUST1353,Jessica,Johnson,Concord,NC,2025-01-11 00:00:39.494974
CUST1354,Daniel,Thompson,Rock Hill,NC,2025-08-08 00:00:39.494977
CUST1355,Michael,Smith,Huntersville,NC,2025-06-13 00:00:39.494979
CUST1356,Daniel,Johnson,Concord,NC,2024-10-02 00:00:39.494981
CUST1357,Daniel,Smith,Huntersville,NC,2024-07-05 00:00:39.494983
CUST1358,Michael,Taylor,Gastonia,NC,2024-10-10 00:00:39.494984
CUST1359,James,Taylor,Charlotte,NC,2024-06-21 00:00:39.494987
CUST1360,David,Thompson,Gastonia,NC,2025-08-11 00:00:39.494988
CUST1361,Daniel,Anderson,Concord,NC,2025-01-17 00:00:39.494991
CUST1362,Michael,Johnson,Rock Hill,NC,2024-09-10 00:00:39.494993
CUST1363,Michael,Harris,Huntersville,NC,2023-12-08 00:00:39.494995
CUST1364,Sarah,Anderson,Charlotte,NC,2023-09-27 00:00:39.494997
CUST1365,James,Johnson,Huntersville,NC,2025-02-03 00:00:39.494999
CUST1366,Chris,Anderson,Concord,NC,2024-06-18 00:00:39.495001
CUST1367,Sarah,Harris,Huntersville,NC,2023-12-17 00:00:39.495003
CUST1368,Sarah,Brown,Charlotte,NC,2025-04-21 00:00:39.495005
CUST1369,Emily,Brown,Concord,NC,2025-11-10 00:00:39.495007
CUST1370,David,Thompson,Huntersville,NC,2025-05-23 00:00:39.495015
CUST1371,Michael,Brown,Rock Hill,NC,2023-10-26 00:00:39.495017
CUST1372,David,Brown,Concord,NC,2024-06-09 00:00:39.495019
CUST1373,John,Martin,Concord,NC,2024-06-09 00:00:39.495021
CUST1374,Emily,Smith,Rock Hill,NC,2025-02-22 00:00:39.495023
CUST1375,Chris,Martin,Gastonia,NC,2024-09-29 00:00:39.495025
CUST1376,David,Martin,Charlotte,NC,2025-03-07 00:00:39.495027
CUST1377,Maria,Thompson,Gastonia,NC,2023-09-06 00:00:39.495029
CUST1378,Daniel,Martin,Huntersville,NC,2025-07-24 00:00:39.495031
CUST1379,John,Brown,Rock Hill,NC,2024-04-07 00:00:39.495033
CUST1380,James,Harris,Gastonia,NC,2025-11-29 00:00:39.495035
CUST1381,Chris,Thompson,Concord,NC,2025-05-28 00:00:39.495037
CUST1382,John,Thompson,Huntersville,NC,2024-08-14 00:00:39.495039
CUST1383,Daniel,Taylor,Huntersville,NC,2025-09-02 00:00:39.495041
CUST1384,Emily,Thompson,Gastonia,NC,2025-02-15 00:00:39.495043
CUST1385,Daniel,Taylor,Gastonia,NC,2024-01-12 00:00:39.495045
CUST1386,Sarah,Thompson,Rock Hill,NC,2023-08-28 00:00:39.495047
CUST1387,Daniel,Smith,Charlotte,NC,2025-05-23 00:00:39.495049
CUST1388,Sarah,Brown,Gastonia,NC,2025-10-25 00:00:39.495052
CUST1389,Emily,Thompson,Gastonia,NC,2024-05-24 00:00:39.495053
CUST1390,Jessica,Brown,Concord,NC,2024-07-28 00:00:39.495056
CUST1391,Sarah,Brown,Huntersville,NC,2025-05-03 00:00:39.495058
CUST1392,James,Anderson,Charlotte,NC,2024-05-14 00:00:39.495060
CUST1393,Daniel,Thompson,Concord,NC,2023-11-14 00:00:39.495062
CUST1394,Daniel,Johnson,Rock Hill,NC,2023-12-09 00:00:39.495064
CUST1395,James,Anderson,Rock Hill,NC,2025-12-29 00:00:39.495066
CUST1396,Maria,Johnson,Gastonia,NC,2024-01-20 00:00:39.495068
CUST1397,Michael,Brown,Gastonia,NC,2023-12-10 00:00:39.495070
CUST1398,Jessica,Brown,Rock Hill,NC,2024-06-28 00:00:39.495072
CUST1399,Chris,Anderson,Gastonia,NC,2023-11-06 00:00:39.495074
CUST1400,Sarah,Anderson,Charlotte,NC,2025-08-05 00:00:39.495076
CUST1401,James,Johnson,Gastonia,NC,2024-11-23 00:00:39.495080
CUST1402,Emily,Taylor,Huntersville,NC,2024-09-02 00:00:39.495086
CUST1403,Sarah,Johnson,Gastonia,NC,2025-01-12 00:00:39.495090
CUST1404,Michael,Anderson,Concord,NC,2023-10-06 00:00:39.495093
CUST1405,Emily,Harris,Charlotte,NC,2025-11-11 00:00:39.495097
CUST1406,John,Anderson,Concord,NC,2025-08-25 00:00:39.495100
CUST1407,Daniel,Harris,Concord,NC,2024-03-16 00:00:39.495104
CUST1408,John,Smith,Huntersville,NC,2025-08-28 00:00:39.495107
CUST1409,Sarah,Anderson,Charlotte,NC,2025-09-28 00:00:39.495111
CUST1410,Michael,Smith,Charlotte,NC,2023-11-07 00:00:39.495115
CUST1411,Jessica,Taylor,Charlotte,NC,2024-09-20 00:00:39.495117
CUST1412,Sarah,Johnson,Charlotte,NC,2025-07-07 00:00:39.495119
CUST1413,James,Harris,Charlotte,NC,2025-01-18 00:00:39.495121
CUST1414,David,Johnson,Huntersville,NC,2025-09-19 00:00:39.495123
CUST1415,Sarah,Smith,Gastonia,NC,2025-09-02 00:00:39.495125
CUST1416,Daniel,Harris,Concord,NC,2024-10-05 00:00:39.495127
CUST1417,Daniel,Johnson,Charlotte,NC,2024-02-11 00:00:39.495129
CUST1418,Sarah,Anderson,Gastonia,NC,2025-02-26 00:00:39.495132
CUST1419,Emily,Brown,Gastonia,NC,2025-11-22 00:00:39.495134
CUST1420,David,Smith,Concord,NC,2025-09-25 00:00:39.495136
CUST1421,James,Johnson,Huntersville,NC,2024-10-05 00:00:39.495138
CUST1422,Sarah,Smith,Rock Hill,NC,2025-06-11 00:00:39.495140
CUST1423,Emily,Martin,Rock Hill,NC,2024-06-01 00:00:39.495142
CUST1424,Daniel,Smith,Gastonia,NC,2024-07-14 00:00:39.495144
CUST1425,Daniel,Harris,Concord,NC,2025-09-25 00:00:39.495146
CUST1426,Michael,Martin,Rock Hill,NC,2025-10-23 00:00:39.495149
CUST1427,Sarah,Thompson,Gastonia,NC,2024-02-04 00:00:39.495151
CUST1428,David,Harris,Huntersville,NC,2024-01-06 00:00:39.495153
CUST1429,Maria,Brown,Rock Hill,NC,2025-02-15 00:00:39.495155
CUST1430,David,Martin,Gastonia,NC,2025-02-06 00:00:39.495157
CUST1431,Daniel,Thompson,Gastonia,NC,2024-09-02 00:00:39.495159
CUST1432,Daniel,Anderson,Charlotte,NC,2024-04-16 00:00:39.495161
CUST1433,John,Smith,Huntersville,NC,2024-03-08 00:00:39.495163
CUST1434,Daniel,Johnson,Charlotte,NC,2025-07-11 00:00:39.495165
CUST1435,James,Taylor,Concord,NC,2025-12-17 00:00:39.495167
CUST1436,Chris,Smith,Charlotte,NC,2023-12-23 00:00:39.495170
CUST1437,Sarah,Thompson,Charlotte,NC,2024-01-29 00:00:39.495172
CUST1438,David,Smith,Rock Hill,NC,2024-01-24 00:00:39.495174
CUST1439,Chris,Brown,Gastonia,NC,2025-12-14 00:00:39.495176
CUST1440,Emily,Anderson,Huntersville,NC,2024-12-03 00:00:39.495178
CUST1441,Maria,Taylor,Charlotte,NC,2023-10-16 00:00:39.495180
CUST1442,James,Martin,Huntersville,NC,2024-02-19 00:00:39.495182
CUST1443,David,Martin,Charlotte,NC,2025-07-26 00:00:39.495184
CUST1444,Chris,Martin,Concord,NC,2025-10-23 00:00:39.495186
CUST1445,Maria,Thompson,Charlotte,NC,2024-10-29 00:00:39.495188
CUST1446,John,Harris,Rock Hill,NC,2025-11-12 00:00:39.495190
CUST1447,James,Harris,Gastonia,NC,2025-09-11 00:00:39.495192
CUST1448,James,Johnson,Concord,NC,2024-04-24 00:00:39.495194
CUST1449,John,Taylor,Charlotte,NC,2025-07-27 00:00:39.495196
CUST1450,Sarah,Martin,Huntersville,NC,2023-09-04 00:00:39.495198
CUST1451,John,Harris,Concord,NC,2024-04-28 00:00:39.495200
CUST1452,James,Thompson,Concord,NC,2023-08-25 00:00:39.495202
CUST1453,James,Johnson,Charlotte,NC,2025-08-29 00:00:39.495204
CUST1454,Chris,Anderson,Concord,NC,2024-08-23 00:00:39.495206
CUST1455,Daniel,Johnson,Huntersville,NC,2023-12-06 00:00:39.495214
CUST1456,Maria,Harris,Concord,NC,2025-03-11 00:00:39.495216
CUST1457,John,Brown,Huntersville,NC,2023-12-16 00:00:39.495220
CUST1458,Maria,Thompson,Charlotte,NC,2025-06-07 00:00:39.495222
CUST1459,John,Brown,Gastonia,NC,2023-11-28 00:00:39.495224
CUST1460,Emily,Martin,Concord,NC,2025-03-14 00:00:39.495226
CUST1461,James,Brown,Gastonia,NC,2024-12-25 00:00:39.495228
CUST1462,Daniel,Martin,Huntersville,NC,2024-04-14 00:00:39.495230
CUST1463,Chris,Martin,Concord,NC,2024-04-05 00:00:39.495232
CUST1464,Daniel,Harris,Rock Hill,NC,2023-08-24 00:00:39.495234
CUST1465,Daniel,Brown,Gastonia,NC,2023-12-26 00:00:39.495237
CUST1466,Daniel,Martin,Concord,NC,2025-11-20 00:00:39.495240
CUST1467,Maria,Taylor,Gastonia,NC,2024-01-22 00:00:39.495242
CUST1468,John,Anderson,Concord,NC,2024-02-18 00:00:39.495244
CUST1469,Jessica,Johnson,Charlotte,NC,2024-04-24 00:00:39.495246
CUST1470,Emily,Johnson,Gastonia,NC,2024-09-24 00:00:39.495248
CUST1471,David,Harris,Rock Hill,NC,2024-02-12 00:00:39.495250
CUST1472,Daniel,Brown,Rock Hill,NC,2025-01-15 00:00:39.495252
CUST1473,Sarah,Brown,Huntersville,NC,2025-11-27 00:00:39.495254
CUST1474,Maria,Martin,Concord,NC,2025-07-27 00:00:39.495256
CUST1475,Chris,Thompson,Gastonia,NC,2023-12-19 00:00:39.495258
CUST1476,David,Smith,Huntersville,NC,2025-11-26 00:00:39.495260
CUST1477,Jessica,Martin,Gastonia,NC,2025-01-26 00:00:39.495262
CUST1478,Sarah,Anderson,Concord,NC,2025-08-20 00:00:39.495264
CUST1479,Jessica,Taylor,Rock Hill,NC,2025-07-17 00:00:39.495266
CUST1480,David,Johnson,Charlotte,NC,2024-05-13 00:00:39.495268
CUST1481,Daniel,Martin,Rock Hill,NC,2025-12-12 00:00:39.495270
CUST1482,Sarah,Smith,Huntersville,NC,2025-01-20 00:00:39.495272
CUST1483,Jessica,Smith,Charlotte,NC,2025-02-16 00:00:39.495274
CUST1484,Chris,Martin,Huntersville,NC,2024-09-02 00:00:39.495276
CUST1485,John,Harris,Concord,NC,2024-10-10 00:00:39.495278
CUST1486,James,Johnson,Charlotte,NC,2024-10-29 00:00:39.495280
CUST1487,John,Harris,Huntersville,NC,2024-07-13 00:00:39.495282
CUST1488,David,Taylor,Concord,NC,2023-12-18 00:00:39.495284
CUST1489,Maria,Smith,Rock Hill,NC,2024-07-28 00:00:39.495286
CUST1490,James,Smith,Concord,NC,2024-09-29 00:00:39.495288
CUST1491,Emily,Anderson,Gastonia,NC,2024-06-17 00:00:39.495290
CUST1492,Chris,Taylor,Concord,NC,2024-11-20 00:00:39.495292
CUST1493,Emily,Smith,Concord,NC,2025-03-06 00:00:39.495295
CUST1494,Sarah,Taylor,Gastonia,NC,2025-06-02 00:00:39.495297
CUST1495,James,Johnson,Huntersville,NC,2024-04-26 00:00:39.495299
CUST1496,Emily,Brown,Huntersville,NC,2024-05-07 00:00:39.495301
CUST1497,Emily,Smith,Concord,NC,2025-09-30 00:00:39.495303
CUST1498,Jessica,Anderson,Gastonia,NC,2025-04-19 00:00:39.495305
CUST1499,John,Johnson,Gastonia,NC,2024-04-28 00:00:39.495307
